Workbook

Sheet Daily Data
A1: Date | B1: Nifty Price (interpolated) | C1: Nifty Daily Return % | D1: Nifty Cumulative % | E1: Rising YEP Net Asset (hypothetical) | F1: Rising YEP Daily Return % | G1: Rising YEP Cumulative % | H1: Rising YEP Net Asset Value (₹) | I1: Nifty-equivalent Value (₹)
A2: 2024-05-01 | B2: 22702.05 | C2: 0 | D2: 0 | E2: 1000 | F2: 0 | G2: 0 | H2: =Summary!$E$12*(1+G2) -> 4800000 | I2: =Summary!$E$12*(1+D2) -> 4800000
A3: 2024-05-02 | B3: 22704.82 | C3: =B3/B2-1 -> 0.00012201541 | D3: =B3/$B$2-1 -> 0.00012201541 | E3: 1001.89 | F3: =E3/E2-1 -> 0.00189 | G3: =E3/$E$2-1 -> 0.00189 | H3: =Summary!$E$12*(1+G3) -> 4809072 | I3: =Summary!$E$12*(1+D3) -> 4800585.7
A4: 2024-05-03 | B4: 22699.25 | C4: =B4/B3-1 -> -0.00024532236 | D4: =B4/$B$2-1 -> -0.00012333688 | E4: 1002.5 | F4: =E4/E3-1 -> 0.00060884927 | G4: =E4/$E$2-1 -> 0.0025 | H4: =Summary!$E$12*(1+G4) -> 4812000 | I4: =Summary!$E$12*(1+D4) -> 4799408
A5: 2024-05-06 | B5: 22856.5 | C5: =B5/B4-1 -> 0.0069275417 | D5: =B5/$B$2-1 -> 0.0068033504 | E5: 1004.23 | F5: =E5/E4-1 -> 0.0017256858 | G5: =E5/$E$2-1 -> 0.00423 | H5: =Summary!$E$12*(1+G5) -> 4820304 | I5: =Summary!$E$12*(1+D5) -> 4832656.1
A6: 2024-05-07 | B6: 22689.17 | C6: =B6/B5-1 -> -0.0073208934 | D6: =B6/$B$2-1 -> -0.00056734964 | E6: 1001.34 | F6: =E6/E5-1 -> -0.0028778268 | G6: =E6/$E$2-1 -> 0.00134 | H6: =Summary!$E$12*(1+G6) -> 4806432 | I6: =Summary!$E$12*(1+D6) -> 4797276.7
A7: 2024-05-08 | B7: 22804.4 | C7: =B7/B6-1 -> 0.0050786344 | D7: =B7/$B$2-1 -> 0.0045084034 | E7: 1002.37 | F7: =E7/E6-1 -> 0.0010286216 | G7: =E7/$E$2-1 -> 0.00237 | H7: =Summary!$E$12*(1+G7) -> 4811376 | I7: =Summary!$E$12*(1+D7) -> 4821640.3
A8: 2024-05-09 | B8: 22573.78 | C8: =B8/B7-1 -> -0.010112961 | D8: =B8/$B$2-1 -> -0.0056501505 | E8: 1000.28 | F8: =E8/E7-1 -> -0.0020850584 | G8: =E8/$E$2-1 -> 0.00028 | H8: =Summary!$E$12*(1+G8) -> 4801344 | I8: =Summary!$E$12*(1+D8) -> 4772879.3
A9: 2024-05-10 | B9: 22555 | C9: =B9/B8-1 -> -0.00083193865 | D9: =B9/$B$2-1 -> -0.0064773886 | E9: 1000.3 | F9: =E9/E8-1 -> 1.9994402e-05 | G9: =E9/$E$2-1 -> 0.0003 | H9: =Summary!$E$12*(1+G9) -> 4801440 | I9: =Summary!$E$12*(1+D9) -> 4768908.5
A10: 2024-05-13 | B10: 22532.23 | C10: =B10/B9-1 -> -0.0010095323 | D10: =B10/$B$2-1 -> -0.0074803817 | E10: 999.79 | F10: =E10/E9-1 -> -0.00050984705 | G10: =E10/$E$2-1 -> -0.00021 | H10: =Summary!$E$12*(1+G10) -> 4798992 | I10: =Summary!$E$12*(1+D10) -> 4764094.2
A11: 2024-05-14 | B11: 22700.46 | C11: =B11/B10-1 -> 0.007466194 | D11: =B11/$B$2-1 -> -7.0037728e-05 | E11: 1001.5 | F11: =E11/E10-1 -> 0.0017103592 | G11: =E11/$E$2-1 -> 0.0015 | H11: =Summary!$E$12*(1+G11) -> 4807200 | I11: =Summary!$E$12*(1+D11) -> 4799663.8
A12: 2024-05-15 | B12: 22708.77 | C12: =B12/B11-1 -> 0.00036607188 | D12: =B12/$B$2-1 -> 0.00029600851 | E12: 1001.41 | F12: =E12/E11-1 -> -8.9865202e-05 | G12: =E12/$E$2-1 -> 0.00141 | H12: =Summary!$E$12*(1+G12) -> 4806768 | I12: =Summary!$E$12*(1+D12) -> 4801420.8
A13: 2024-05-16 | B13: 22632.65 | C13: =B13/B12-1 -> -0.0033520089 | D13: =B13/$B$2-1 -> -0.0030569927 | E13: 999.81 | F13: =E13/E12-1 -> -0.0015977472 | G13: =E13/$E$2-1 -> -0.00019 | H13: =Summary!$E$12*(1+G13) -> 4799088 | I13: =Summary!$E$12*(1+D13) -> 4785326.4
A14: 2024-05-17 | B14: 22836.37 | C14: =B14/B13-1 -> 0.0090011554 | D14: =B14/$B$2-1 -> 0.0059166463 | E14: 1002.67 | F14: =E14/E13-1 -> 0.0028605435 | G14: =E14/$E$2-1 -> 0.00267 | H14: =Summary!$E$12*(1+G14) -> 4812816 | I14: =Summary!$E$12*(1+D14) -> 4828399.9
... A524: 2026-05-01 | B524: 24221 | C524: =B524/B523-1 -> 0.0050958163 | D524: =B524/$B$2-1 -> 0.066908055 | E524: 1420 | F524: =E524/E523-1 -> 0.001283335 | G524: =E524/$E$2-1 -> 0.42 | H524: =Summary!$E$12*(1+G524) -> 6816000 | I524: =Summary!$E$12*(1+D524) -> 5121158.7

Sheet Summary
B2: Cumulative Performance — Rising YEP vs Nifty
B3: , 01 May 2024 – 01 May 2026
B6: Start Date | E6: ='Daily Data'!A2 -> 2024-05-01
B7: End Date | E7: ='Daily Data'!A524 -> 2026-05-01
B8: Nifty Index — Cumulative Return | E8: ='Daily Data'!D524 -> 0.066908055
B9: Rising YEP Net Asset — Cumulative Return | E9: ='Daily Data'!G524 -> 0.42
B10: Outperformance (Rising YEP − Nifty) | E10: =E9-E8 -> 0.35309195
B12: Initial Investment (₹) — as of 01-May-2024 | E12: 4800000
B13: Rising YEP Net Asset Value (₹) | E13: =E12*(1+E9) -> 6816000
B14: Nifty-equivalent Value (₹) | E14: =E12*(1+E8) -> 5121158.7
B15: Absolute Gain — Rising YEP (₹) | E15: =E13-E12 -> 2016000
B16: Absolute Gain — Nifty-equivalent (₹) | E16: =E14-E12 -> 321158.66
